{"cameraMode":{"drawMode":0,"name":"Shaded","section":"Shading Mode"},"sceneLighting":false,"audioPlay":false,"sceneViewState":{"m_AlwaysRefresh":false,"showFog":true,"showSkybox":false,"showFlares":true,"showImageEffects":true,"showParticleSystems":true,"showVisualEffectGraphs":true,"m_FxEnabled":true},"in2DMode":false,"pivot":{"x":-1.3016034364700318,"y":0.44227302074432375,"z":0.32262182235717776},"rotation":{"x":-0.08242011815309525,"y":-0.8153665065765381,"z":0.11967066675424576,"w":-0.560706615447998},"size":0.8660287261009216,"orthographic":false}