{"cameraMode":{"drawMode":0,"name":"Shaded","section":"Shading Mode"},"sceneLighting":false,"audioPlay":false,"sceneViewState":{"m_AlwaysRefresh":false,"showFog":true,"showSkybox":false,"showFlares":true,"showImageEffects":true,"showParticleSystems":true,"showVisualEffectGraphs":true,"m_FxEnabled":true},"in2DMode":false,"pivot":{"x":0.27279484272003176,"y":0.31235718727111819,"z":1.7626729011535645},"rotation":{"x":-0.23675702512264253,"y":0.5739052891731262,"z":-0.17790727317333222,"w":-0.7637495994567871},"size":0.8937042951583862,"orthographic":false}