{"cameraMode":{"drawMode":0,"name":"Shaded","section":"Shading Mode"},"sceneLighting":false,"audioPlay":false,"sceneViewState":{"m_AlwaysRefresh":false,"showFog":true,"showSkybox":false,"showFlares":true,"showImageEffects":true,"showParticleSystems":true,"showVisualEffectGraphs":true,"m_FxEnabled":true},"in2DMode":false,"pivot":{"x":0.15016412734985352,"y":-0.7039974927902222,"z":-0.8393083214759827},"rotation":{"x":-0.1603732705116272,"y":-0.6839562058448792,"z":0.14373016357421876,"w":-0.6986827254295349},"size":2.9113175868988039,"orthographic":false}