{"cameraMode":{"drawMode":0,"name":"Shaded","section":"Shading Mode"},"sceneLighting":false,"audioPlay":false,"sceneViewState":{"m_AlwaysRefresh":false,"showFog":true,"showSkybox":false,"showFlares":true,"showImageEffects":true,"showParticleSystems":true,"showVisualEffectGraphs":true,"m_FxEnabled":true},"in2DMode":false,"pivot":{"x":0.012999743223190308,"y":0.6547163724899292,"z":0.001000136137008667},"rotation":{"x":-0.2872315049171448,"y":0.37891241908073428,"z":-0.12497135996818543,"w":-0.8708229660987854},"size":1.4817168712615967,"orthographic":false}