{"cameraMode":{"drawMode":0,"name":"Shaded","section":"Shading Mode"},"sceneLighting":false,"audioPlay":false,"sceneViewState":{"m_AlwaysRefresh":false,"showFog":true,"showSkybox":false,"showFlares":true,"showImageEffects":true,"showParticleSystems":true,"showVisualEffectGraphs":true,"m_FxEnabled":true},"in2DMode":false,"pivot":{"x":0.0000010728836059570313,"y":0.2270897626876831,"z":0.45644229650497439},"rotation":{"x":0.03326568379998207,"y":0.9599559307098389,"z":-0.12921470403671266,"w":0.24716919660568238},"size":2.2763352394104006,"orthographic":false}