{"cameraMode":{"drawMode":0,"name":"Shaded","section":"Shading Mode"},"sceneLighting":false,"audioPlay":false,"sceneViewState":{"m_AlwaysRefresh":false,"showFog":true,"showSkybox":false,"showFlares":true,"showImageEffects":true,"showParticleSystems":true,"showVisualEffectGraphs":true,"m_FxEnabled":true},"in2DMode":false,"pivot":{"x":-0.021522514522075654,"y":-0.31344911456108096,"z":-1.4737151861190797},"rotation":{"x":-0.04591493308544159,"y":-0.9522407054901123,"z":0.24332058429718018,"w":-0.17914144694805146},"size":2.2763352394104006,"orthographic":false}