{"cameraMode":{"drawMode":0,"name":"Shaded","section":"Shading Mode"},"sceneLighting":false,"audioPlay":false,"sceneViewState":{"m_AlwaysRefresh":false,"showFog":true,"showSkybox":false,"showFlares":true,"showImageEffects":true,"showParticleSystems":true,"showVisualEffectGraphs":true,"m_FxEnabled":true},"in2DMode":false,"pivot":{"x":-1.1693382263183594,"y":0.6160096526145935,"z":-0.22638660669326783},"rotation":{"x":0.1681290715932846,"y":0.6275295615196228,"z":-0.13066428899765016,"w":0.7503843307495117},"size":0.29028764367103579,"orthographic":false}